{
    "lights": {
        "1": {
            "state": {
                "on": true,
                "bri": 254,
                "hue": 4444,
                "sat": 254,
                "xy": [0.0000, 0.0000],
                "ct": 0,
                "alert": "none",
                "effect": "none",
                "colormode": "hs",
                "reachable": true
            },
            "type": "Extended color light",
            "name": "Hue Lamp 1",
            "modelid": "LCT001",
            "swversion": "65003148",
			"uniqueid":  "00:17:88:01:00:d4:12:08-0a",
            "pointsymbol": {
                "1": "none",
                "2": "none",
                "3": "none",
                "4": "none",
                "5": "none",
                "6": "none",
                "7": "none",
                "8": "none"
            }
        },
        "2": {
            "state": {
                "on": true,
                "bri": 254,
                "hue": 23536,
                "sat": 144,
                "xy": [0.3460, 0.3568],
                "ct": 201,
                "alert": "none",
                "effect": "none",
                "colormode": "hs",
                "reachable": true
            },
            "type": "Extended color light",
            "name": "Hue Lamp 2",
            "modelid": "LCT001",
            "swversion": "65003148",
			"uniqueid":  "00:17:88:01:00:d4:12:08-0b",
            "pointsymbol": {
                "1": "none",
                "2": "none",
                "3": "none",
                "4": "none",
                "5": "none",
                "6": "none",
                "7": "none",
                "8": "none"
            }
        },
        "3": {
            "state": {
                "on": true,
                "bri": 254,
                "hue": 65136,
                "sat": 254,
                "xy": [0.3460, 0.3568],
                "ct": 201,
                "alert": "none",
                "effect": "none",
                "colormode": "hs",
                "reachable": true
            },
            "type": "Extended color light",
            "name": "Hue Lamp 3",
            "modelid": "LCT001",
            "swversion": "65003148",
			"uniqueid":  "00:17:88:01:00:d4:12:08-0c",
            "pointsymbol": {
                "1": "none",
                "2": "none",
                "3": "none",
                "4": "none",
                "5": "none",
                "6": "none",
                "7": "none",
                "8": "none"
            }
        }        
    },
    "groups": {
        "1": {
            "action": {
                "on": true,
                "bri": 254,
                "hue": 33536,
                "sat": 144,
                "xy": [0.3460, 0.3568],
                "ct": 201,
                "effect": "none",
                "colormode": "xy"
            },
            "lights": ["1", "2"],
            "name": "Group 1"
        }
    },
    "config": {
        "name": "Philips hue",
        "mac": "00:00:88:00:bb:ee",
	    "bridgeid": "000088FFFE00BBEE",
		"modelid": "BSB001",
        "dhcp": true,
        "ipaddress": "192.168.2.213:8000",
        "netmask": "255.255.255.0",
        "gateway": "192.168.2.1",
        "proxyaddress": "",
        "proxyport": 0,
        "UTC": "2012-10-29T12:05:00",
        "whitelist": {
            "newdeveloper": {
                "last use date": "2012-10-29T12:00:00",
                "create date": "2012-10-29T12:00:00",
                "name": "test user"
            }
        },
        "swversion": "01005215",
        "swupdate": {
            "updatestate": 0,
            "url": "",
            "text": "",
            "notify": false
        },
        "linkbutton": false,
        "portalservices": false
    },
    "schedules": {
        "1": {
            "name": "schedule",
            "description": "",
            "command": {
                "address": "/api/newdeveloper/groups/0/action",
                "body": {
                    "on": true
                },
                "method": "PUT"
            },
            "time": "2012-10-29T12:00:00"
        }
    },
    "scenes": {
    }
}
