<?xml version="1.0" encoding="UTF-8" ?>
<root xmlns="urn:schemas-upnp-org:device-1-0">
	<specVersion>
		<major>1</major>
		<minor>0</minor>
	</specVersion>
	<URLBase>http://##URLBASE##</URLBase>
	<device>
		<deviceType>urn:schemas-upnp-org:device:Basic:1</deviceType>
		<friendlyName>Philips hue (##URLBASE##)</friendlyName>
		<manufacturer>Royal Philips Electronics</manufacturer>
		<manufacturerURL>http://www.philips.com</manufacturerURL>
		<modelDescription>Philips hue Personal Wireless Lighting
		</modelDescription>
		<modelName>Philips hue bridge 2015</modelName>
		<modelNumber>929000226503</modelNumber>
		<modelURL>http://www.meethue.com</modelURL>
		<serialNumber>0017880ae670</serialNumber>
		<UDN>uuid:2f402f80-da50-11e1-9b23-0017880ae670</UDN>
		<presentationURL>index.html</presentationURL>
		<iconList>
			<icon>
				<mimetype>image/png</mimetype>
				<height>48</height>
				<width>48</width>
				<depth>24</depth>
				<url>hue_logo_0.png</url>
			</icon>
			<icon>
				<mimetype>image/png</mimetype>
				<height>120</height>
				<width>120</width>
				<depth>24</depth>
				<url>hue_logo_3.png</url>
			</icon>
		</iconList>
	</device>
</root>
