{"openapi":"3.0.1","info":{"title":"OpenAPI definition","version":"v0"},"servers":[{"url":"https://localhost:8443","description":"Generated server url"}],"tags":[{"name":"MacchineController","description":"Controller per le macchine"},{"name":"DelayedReservationController","description":"Controller per le Reservation in Ritardo"},{"name":"AdminController","description":"Controller per Admin del parcheggio"},{"name":"UserController","description":"Controller per l'utente"},{"name":"ReservationController","description":"Controller per le prenotazioni"},{"name":"PaymentController","description":"Controller per i pagamenti"},{"name":"ChargeRequestController","description":"Controller per le ChargeRequest del parcheggio"}],"paths":{"/api/users/aggiorna-saldo":{"put":{"tags":["UserController"],"summary":"Aggiorna il saldo","description":"Aggiorna il saldo di un utente in base all'username e controlla che il saldo sia corretto.","operationId":"aggiornaSaldo","requestBody":{"content":{"application/json":{"schema":{"type":"object","additionalProperties":{"type":"string"}}}},"required":true},"responses":{"200":{"description":"OK","content":{"*/*":{"schema":{"type":"string"}}}}}}},"/api/users/aggiorna-carta":{"put":{"tags":["UserController"],"summary":"Aggiorna la carta","description":"Aggiorna la carta di un utente in base all'username e controlla che la carta sia valida.","operationId":"aggiornaCarta","requestBody":{"content":{"application/json":{"schema":{"type":"object","additionalProperties":{"type":"string"}}}},"required":true},"responses":{"200":{"description":"OK","content":{"*/*":{"schema":{"type":"string"}}}}}}},"/api/users/abbonamento":{"put":{"tags":["UserController"],"summary":"Abbonamento","description":"Permette di aggiornare il ruolo dell'utente da BASE a PREMIUM pagando un abbonamento.","operationId":"aggiornaAbbonamento","requestBody":{"content":{"application/json":{"schema":{"type":"object","additionalProperties":{"type":"string"}}}},"required":true},"responses":{"200":{"description":"OK","content":{"*/*":{"schema":{"type":"string"}}}}}}},"/api/macchine/update":{"put":{"tags":["MacchineController"],"summary":"Modifica una macchina","description":"Modifica i parametri di una macchina.","operationId":"updateMacchina","parameters":[{"name":"targa","in":"query","required":true,"schema":{"type":"string"}},{"name":"kwBatteria","in":"query","required":true,"schema":{"type":"number","format":"double"}},{"name":"modello","in":"query","required":true,"schema":{"type":"string"}}],"responses":{"200":{"description":"OK","content":{"*/*":{"schema":{"$ref":"#/components/schemas/Macchine"}}}}}}},"/Admin/Aggiorna-Costo-ricarica":{"put":{"tags":["AdminController"],"summary":"Aggiorna costi","description":"Aggiorna il costo della ricarica.","operationId":"AggiornaRicarica","requestBody":{"content":{"application/json":{"schema":{"type":"number","format":"double"}}},"required":true},"responses":{"200":{"description":"OK"}}}},"/Admin/Aggiorna-Costo-Sosta":{"put":{"tags":["AdminController"],"summary":"Aggiorna costi","description":"Aggiorna il costo della sosta.","operationId":"AggiornaSosta","requestBody":{"content":{"application/json":{"schema":{"type":"number","format":"double"}}},"required":true},"responses":{"200":{"description":"OK"}}}},"/reservations/uscita-anticipata":{"post":{"tags":["ReservationController"],"summary":"Uscita anticipata dal parcheggio","description":"Permette l'uscita anticipata dal parcheggio di una macchina a cui è associata una prenotazione con un determinato id.","operationId":"esciPrimaDalParcheggio","requestBody":{"content":{"application/json":{"schema":{"type":"integer","format":"int64"}}},"required":true},"responses":{"200":{"description":"OK","content":{"*/*":{"schema":{"type":"string"}}}}}}},"/reservations/lampadine":{"post":{"tags":["ReservationController"],"summary":"Aggiorna Stato delle lampadine","description":"Lo stato delle lampadine viene aggiornato a seconda delle auto in sosta o in ricarica se ci sono.","operationId":"lampadine","responses":{"200":{"description":"OK"}}}},"/reservations/RitardoTrue":{"post":{"tags":["ReservationController"],"summary":"Imposta una prenotazione come ritardo ","description":"La prenotazione viene spostata nelle prenotazioni in ritardo.","operationId":"RitardoTrue","requestBody":{"content":{"application/json":{"schema":{"$ref":"#/components/schemas/Reservation"}}},"required":true},"responses":{"200":{"description":"OK"}}}},"/reservations/RitardoFalse":{"post":{"tags":["ReservationController"],"summary":"Rimuove il ritardo da una prenotazione","description":"Rimuove il ritardo e viene salvata nello storico.","operationId":"RitardoFalse","requestBody":{"content":{"application/json":{"schema":{"$ref":"#/components/schemas/Reservation"}}},"required":true},"responses":{"200":{"description":"OK"}}}},"/reservations/PagaRitardo":{"post":{"tags":["ReservationController"],"summary":"Pagamento del ritardo","description":"Permette il pagamento del ritardo associato ad una prenotazione.","operationId":"PagaRitardo","requestBody":{"content":{"application/json":{"schema":{"type":"object","additionalProperties":{"$ref":"#/components/schemas/DelayedReservation"}}}},"required":true},"responses":{"200":{"description":"OK"}}}},"/reservations/GestioneReservation":{"post":{"tags":["ReservationController"],"summary":"Salva in storico","description":"La prenotazione viene completata è salvata nello storico.","operationId":"gestioneReservation","requestBody":{"content":{"application/json":{"schema":{"$ref":"#/components/schemas/Reservation"}}},"required":true},"responses":{"200":{"description":"OK"}}}},"/chargerequests/new":{"post":{"tags":["ChargeRequestController"],"summary":"Crea una ChargeRequest","description":"permette di creare una richiesta di carica.","operationId":"createChargeRequest","requestBody":{"content":{"application/json":{"schema":{"type":"object","additionalProperties":{"type":"object"}}}},"required":true},"responses":{"200":{"description":"OK","content":{"*/*":{"schema":{"type":"object"}}}}}}},"/api/users/saldo":{"post":{"tags":["UserController"],"summary":"Restituisce il saldo","description":"Restituisce il saldo di un utente in base all'username.","operationId":"getSaldo","requestBody":{"content":{"application/json":{"schema":{"type":"object","additionalProperties":{"type":"string"}}}},"required":true},"responses":{"200":{"description":"OK","content":{"*/*":{"schema":{"type":"object"}}}}}}},"/api/users/register":{"post":{"tags":["UserController"],"summary":"Registra un utente","description":"Registra un utente in base a username, password, email e verifica che siano validi e se nel database email e username non ci siano già.","operationId":"registerUser","requestBody":{"content":{"application/json":{"schema":{"type":"object","additionalProperties":{"type":"object"}}}},"required":true},"responses":{"200":{"description":"OK","content":{"*/*":{"schema":{"type":"string"}}}}}}},"/api/users/register-admin":{"post":{"tags":["UserController"],"summary":"Registra un ADMIN","description":"Registra un utente ADMIN in base a username, password, email e verifica che siano validi e se nel database email e username non ci siano già.","operationId":"registerAdmin","requestBody":{"content":{"application/json":{"schema":{"$ref":"#/components/schemas/User"}}},"required":true},"responses":{"200":{"description":"OK","content":{"*/*":{"schema":{"type":"string"}}}}}}},"/api/users/login":{"post":{"tags":["UserController"],"summary":"Login","description":"Permette il login di un utente che si è precedentemente registrato.","operationId":"loginUser","requestBody":{"content":{"application/json":{"schema":{"type":"object","additionalProperties":{"type":"string"}}}},"required":true},"responses":{"200":{"description":"OK","content":{"*/*":{"schema":{"type":"string"}}}}}}},"/api/users/carta":{"post":{"tags":["UserController"],"summary":"Controlla carta","description":"Restituisce true se la carta è presente se no false.","operationId":"getCarta","requestBody":{"content":{"application/json":{"schema":{"type":"object","additionalProperties":{"type":"string"}}}},"required":true},"responses":{"200":{"description":"OK","content":{"*/*":{"schema":{"type":"object"}}}}}}},"/api/payments/listaPagamenti":{"post":{"tags":["PaymentController"],"summary":"Restituisce i pagamanti","description":"Restituisce i pagamenti in base al ruolo oppure in base a sosta oppure a ricarica.","operationId":"getPayments","requestBody":{"content":{"application/json":{"schema":{"type":"object","additionalProperties":{"type":"object"}}}},"required":true},"responses":{"200":{"description":"OK","content":{"*/*":{"schema":{"type":"array","items":{"$ref":"#/components/schemas/Payment"}}}}}}}},"/api/payments/create":{"post":{"tags":["PaymentController"],"summary":"Crea un pagamento","description":"Crea un pagamento per un Id di una richiesta.","operationId":"createPayment","requestBody":{"content":{"application/json":{"schema":{"type":"integer","format":"int64"}}},"required":true},"responses":{"200":{"description":"OK","content":{"*/*":{"schema":{"type":"object"}}}}}}},"/api/macchine/create":{"post":{"tags":["MacchineController"],"summary":"Crea una macchina","description":"Crea una macchina in base a targa, kwBatteria, modello e username.","operationId":"createMacchina","parameters":[{"name":"targa","in":"query","required":true,"schema":{"type":"string"}},{"name":"kwBatteria","in":"query","required":true,"schema":{"type":"number","format":"double"}},{"name":"modello","in":"query","required":true,"schema":{"type":"string"}},{"name":"username","in":"query","required":true,"schema":{"type":"string"}}],"responses":{"200":{"description":"OK","content":{"*/*":{"schema":{"$ref":"#/components/schemas/Macchine"}}}}}}},"/api/delayed-reservations/user":{"post":{"tags":["DelayedReservationController"],"summary":"Ottiene tutte le prenotazioni segnate in ritardo di un determinato utente","description":"Ritorna una ResponseEntity con all'interno ule prenotazioni se ci sono, altrimenti una lista vuota","operationId":"getUserDelayedReservations","requestBody":{"content":{"application/json":{"schema":{"type":"object","additionalProperties":{"type":"string"}}}},"required":true},"responses":{"200":{"description":"OK","content":{"*/*":{"schema":{"type":"object"}}}}}}},"/Admin/SpostaSoste":{"post":{"tags":["AdminController"],"summary":"Sposta le soste","description":"Cancella le soste nella tabella reservation e le inserisce nella tabella Storico.","operationId":"SpostaSoste","responses":{"200":{"description":"OK"}}}},"/Admin/Setritardo":{"post":{"tags":["AdminController"],"summary":"Imposta il ritardo","description":"Imposta il ritardo ad una determinata reservation.","operationId":"setRitardo","requestBody":{"content":{"application/json":{"schema":{"$ref":"#/components/schemas/Reservation"}}},"required":true},"responses":{"200":{"description":"OK"}}}},"/reservations/occupazione":{"get":{"tags":["ReservationController"],"summary":"Stato parcheggio","description":"Restituisce lo stato di occupazione del parcheggio dicendo il numero di auto che sono in sosta e in ricarica.","operationId":"getActiveReservationsSummary","responses":{"200":{"description":"OK","content":{"*/*":{"schema":{"type":"string"}}}}}}},"/reservations/coda":{"get":{"tags":["ReservationController"],"summary":"coda delle prenotazioni","description":"Restituisce la coda delle prenotazioni in caso vi siano.","operationId":"getProvaReservations","responses":{"200":{"description":"OK","content":{"*/*":{"schema":{"type":"object"}}}}}}},"/reservations/all":{"get":{"tags":["ReservationController"],"summary":"Restituisce tutte le prenotazioni","description":"Restituisce tutte le prenotazioni che sono preneti nella tabella reservation.","operationId":"getAllReservations","responses":{"200":{"description":"OK","content":{"*/*":{"schema":{"type":"array","items":{"$ref":"#/components/schemas/Reservation"}}}}}}}},"/reservations/ReservationByUser":{"get":{"tags":["ReservationController"],"summary":"Restituisce le prenotazioni","description":"Restituisce le prenotazioni associate ad un username.","operationId":"getReservationsByUser","parameters":[{"name":"username","in":"query","required":true,"schema":{"type":"string"}}],"responses":{"200":{"description":"OK","content":{"*/*":{"schema":{"type":"array","items":{"$ref":"#/components/schemas/Reservation"}}}}}}}},"/chargerequests/user/trova-per-userid":{"get":{"tags":["ChargeRequestController"],"summary":"Ritorna una o più ChargeRequest","description":"Ritorna una o più richieste di carica in base all'ID dell'utente.","operationId":"getRequestsByUserId","parameters":[{"name":"Userid","in":"query","required":true,"schema":{"type":"integer","format":"int64"}}],"responses":{"200":{"description":"OK","content":{"*/*":{"schema":{"type":"object"}}}}}}},"/chargerequests/charge-per-id":{"get":{"tags":["ChargeRequestController"],"summary":"Ritorna un ChargeRequest","description":"Ritorna una  richiesta di carica per ID nel database.","operationId":"getChargeRequestById","parameters":[{"name":"id","in":"query","required":true,"schema":{"type":"integer","format":"int64"}}],"responses":{"200":{"description":"OK","content":{"*/*":{"schema":{"$ref":"#/components/schemas/ChargeRequest"}}}}}}},"/chargerequests/calcola":{"get":{"tags":["ChargeRequestController"],"summary":"Calcola il tempo di ricarica","description":"Calcola il tempo di ricarica in base ai kw selezionati e alla batteria dell'auto.","operationId":"calcolaRicarica","parameters":[{"name":"percentualeIniziale","in":"query","required":true,"schema":{"type":"integer","format":"int32"}},{"name":"percentualeFinale","in":"query","required":true,"schema":{"type":"integer","format":"int32"}},{"name":"kwAuto","in":"query","required":true,"schema":{"type":"number","format":"double"}}],"responses":{"200":{"description":"OK","content":{"*/*":{"schema":{"type":"string"}}}}}}},"/chargerequests/all":{"get":{"tags":["ChargeRequestController"],"summary":"Ritorna delle ChargeRequest","description":"Ritorna una lista di tutte le richieste di carica presenti nel database.","operationId":"getAllChargeRequests","responses":{"200":{"description":"OK","content":{"*/*":{"schema":{"type":"array","items":{"$ref":"#/components/schemas/ChargeRequest"}}}}}}}},"/chargerequests/TempoFineSosta":{"get":{"tags":["ChargeRequestController"],"summary":"Orario più vicino per la sosta","description":"Guarda quand'è l'orario più vicino in cui è possibile prenotare.","operationId":"findEarliestEndTimeSosta","parameters":[{"name":"giorno","in":"query","required":true,"schema":{"type":"string","format":"date"}},{"name":"oraInizio","in":"query","required":true,"schema":{"type":"string","format":"date-time"}},{"name":"oraFine","in":"query","required":true,"schema":{"type":"string","format":"date-time"}}],"responses":{"200":{"description":"OK","content":{"*/*":{"schema":{"type":"string","format":"date-time"}}}}}}},"/chargerequests/TempoFineRicarica":{"get":{"tags":["ChargeRequestController"],"summary":"Orario più vicino per la ricarica","description":"Guarda quand'è l'orario più vicino in cui è possibile prenotare.","operationId":"findEarliestEndTimeRicarica","parameters":[{"name":"giorno","in":"query","required":true,"schema":{"type":"string","format":"date"}},{"name":"oraInizio","in":"query","required":true,"schema":{"type":"string","format":"date-time"}},{"name":"oraFine","in":"query","required":true,"schema":{"type":"string","format":"date-time"}}],"responses":{"200":{"description":"OK","content":{"*/*":{"schema":{"type":"string","format":"date-time"}}}}}}},"/chargerequests/DisponibileSosta":{"get":{"tags":["ChargeRequestController"],"summary":"Disponibilità","description":"Vede se c'è diponibile un posto per la sosta.","operationId":"isReservationAvailable","parameters":[{"name":"giorno","in":"query","required":true,"schema":{"type":"string","format":"date"}},{"name":"ora","in":"query","required":true,"schema":{"type":"string","format":"date-time"}},{"name":"oraFine","in":"query","required":true,"schema":{"type":"string","format":"date-time"}}],"responses":{"200":{"description":"OK","content":{"*/*":{"schema":{"type":"boolean"}}}}}}},"/chargerequests/DisponibileRicarica":{"get":{"tags":["ChargeRequestController"],"summary":"Disponibilità","description":"Vede se c'è diponibile un posto per la ricarica.","operationId":"isReservationAvailableRicarica","parameters":[{"name":"giorno","in":"query","required":true,"schema":{"type":"string","format":"date"}},{"name":"ora","in":"query","required":true,"schema":{"type":"string","format":"date-time"}},{"name":"oraFine","in":"query","required":true,"schema":{"type":"string","format":"date-time"}}],"responses":{"200":{"description":"OK","content":{"*/*":{"schema":{"type":"boolean"}}}}}}},"/api/users/username-to-id":{"get":{"tags":["UserController"],"summary":"id","description":"Ritorna un id in base all'username fornito.","operationId":"getUserId","parameters":[{"name":"username","in":"query","required":true,"schema":{"type":"string"}}],"responses":{"200":{"description":"OK","content":{"*/*":{"schema":{"type":"integer","format":"int32"}}}}}}},"/api/payments/recuper_id":{"get":{"tags":["PaymentController"],"summary":"Recupera un pagamento","description":"Recupera un pagamento tramite il suo ID.","operationId":"getPaymentById","parameters":[{"name":"id","in":"query","required":true,"schema":{"type":"integer","format":"int64"}}],"responses":{"200":{"description":"OK","content":{"*/*":{"schema":{"$ref":"#/components/schemas/Payment"}}}}}}},"/api/macchine/byUser":{"get":{"tags":["MacchineController"],"summary":"Restituisce le macchine","description":"Restituisce le macchine associate ad un utente.","operationId":"getMacchineByUser","parameters":[{"name":"username","in":"query","required":true,"schema":{"type":"string"}}],"responses":{"200":{"description":"OK","content":{"*/*":{"schema":{"type":"array","items":{"$ref":"#/components/schemas/Macchine"}}}}}}}},"/api/macchine/byTarga":{"get":{"tags":["MacchineController"],"summary":"Dettagli macchina ","description":"Restituisce i dettagli di una macchina tramite targa.","operationId":"getMacchinaByTarga","parameters":[{"name":"targa","in":"query","required":true,"schema":{"type":"string"}}],"responses":{"200":{"description":"OK","content":{"*/*":{"schema":{"$ref":"#/components/schemas/Macchine"}}}}}}},"/api/macchine/ElettricheById":{"get":{"tags":["MacchineController"],"summary":"Macchine elettriche per utente","description":"Restituisce la lista delle macchine elettriche tramite l'ID dell'utente.","operationId":"getMacchineElettricheById","parameters":[{"name":"id","in":"query","required":true,"schema":{"type":"integer","format":"int32"}}],"responses":{"200":{"description":"OK","content":{"*/*":{"schema":{"type":"array","items":{"$ref":"#/components/schemas/Macchine"}}}}}}}},"/api/macchine/ById":{"get":{"tags":["MacchineController"],"summary":"Macchine per utente","description":"Restituisce la lista delle macchine tramite l'ID dell'utente.","operationId":"getMacchineById","parameters":[{"name":"id","in":"query","required":true,"schema":{"type":"integer","format":"int32"}}],"responses":{"200":{"description":"OK","content":{"*/*":{"schema":{"type":"array","items":{"$ref":"#/components/schemas/Macchine"}}}}}}}},"/Admin/username":{"get":{"tags":["AdminController"],"summary":"Resituisce un User","description":"Resituisce nella Response Entity un oggetto User tramite username.","operationId":"getUserByUsername","parameters":[{"name":"username","in":"query","required":true,"schema":{"type":"string"}}],"responses":{"200":{"description":"OK","content":{"*/*":{"schema":{"$ref":"#/components/schemas/User"}}}}}}},"/Admin/reservations":{"get":{"tags":["AdminController"],"summary":"Ottieni tutte le prenotazioni attive","description":"Restituisce un elenco di tutte le prenotazioni attive per l'utente autenticato che non siano in ritardo.","operationId":"getAllReservations_1","parameters":[{"name":"Authorization","in":"header","required":false,"schema":{"type":"string"}}],"responses":{"200":{"description":"OK","content":{"*/*":{"schema":{"type":"array","items":{"$ref":"#/components/schemas/Reservation"}}}}}}}},"/api/macchine/delete":{"delete":{"tags":["MacchineController"],"summary":"Eliminazione ","description":"Elimina un macchina in base alla targa.","operationId":"deleteMacchina","parameters":[{"name":"targa","in":"query","required":true,"schema":{"type":"string"}}],"responses":{"200":{"description":"OK"}}}},"/Admin/user/delete":{"delete":{"tags":["AdminController"],"summary":"Cancellazione","description":"Cancella un utente in base all'username.","operationId":"deleteUserByUsername","requestBody":{"content":{"application/json":{"schema":{"type":"string"}}},"required":true},"responses":{"200":{"description":"OK","content":{"*/*":{"schema":{"type":"string"}}}}}}},"/Admin/user/delete-all":{"delete":{"tags":["AdminController"],"summary":"Cancellazione","description":"Cancella tutti gli utenti dal database","operationId":"eliminaTuttiGliUtenti","responses":{"200":{"description":"OK","content":{"*/*":{"schema":{"type":"string"}}}}}}},"/Admin/reservation/delete/charge-request/chargeid":{"delete":{"tags":["AdminController"],"summary":"Cancellazione","description":"Cancella una prenotazione per ID della richiesta di carica dal database.","operationId":"deleteReservationByChargeRequestId","requestBody":{"content":{"application/json":{"schema":{"type":"integer","format":"int64"}}},"required":true},"responses":{"200":{"description":"OK","content":{"*/*":{"schema":{"type":"string"}}}}}}},"/Admin/reservation/delete-all":{"delete":{"tags":["AdminController"],"summary":"Cancellazione","description":"Cancella tutte le reservation dal database.","operationId":"deleteAllReservations","responses":{"200":{"description":"OK","content":{"*/*":{"schema":{"type":"string"}}}}}}},"/Admin/payment/delete-all":{"delete":{"tags":["AdminController"],"summary":"Cancellazione","description":"Cancella tutti i pagamenti dal database.","operationId":"eliminaTuttiPagamenti","responses":{"200":{"description":"OK","content":{"*/*":{"schema":{"type":"string"}}}}}}},"/Admin/macchine/deleteALL":{"delete":{"tags":["AdminController"],"summary":"Cancellazione","description":"Cancella tutte le macchine dal database.","operationId":"deleteMacchine","responses":{"200":{"description":"OK"}}}},"/Admin/delayedreservation/delete-all":{"delete":{"tags":["AdminController"],"summary":"Cancellazione","description":"Cancella tutte prenotazioni in ritardo dal database.","operationId":"deleteAllDelayedReservations","responses":{"200":{"description":"OK","content":{"*/*":{"schema":{"type":"string"}}}}}}},"/Admin/charge/delete/user/id":{"delete":{"tags":["AdminController"],"summary":"Cancellazione","description":"Cancella tutte le richieste associate a un ID utente dal database.","operationId":"deleteRequestsByUserId","requestBody":{"content":{"application/json":{"schema":{"type":"integer","format":"int64"}}},"required":true},"responses":{"200":{"description":"OK","content":{"*/*":{"schema":{"type":"string"}}}}}}},"/Admin/charge/delete-per-id":{"delete":{"tags":["AdminController"],"summary":"Cancellazione","description":"Cancella una ChargeRequest per ID dal database","operationId":"deleteChargeRequest","requestBody":{"content":{"application/json":{"schema":{"type":"integer","format":"int64"}}},"required":true},"responses":{"200":{"description":"OK","content":{"*/*":{"schema":{"type":"string"}}}}}}},"/Admin/charge/delete-all":{"delete":{"tags":["AdminController"],"summary":"Cancellazione","description":"Cancella tutte le chargerequest dal database.","operationId":"eliminaTutteleRichieste","responses":{"200":{"description":"OK","content":{"*/*":{"schema":{"type":"string"}}}}}}}},"components":{"schemas":{"Macchine":{"type":"object","properties":{"targa":{"type":"string"},"kwBatteria":{"type":"number","format":"double"},"modello":{"type":"string"},"user":{"$ref":"#/components/schemas/User"}}},"User":{"type":"object","properties":{"id":{"type":"integer","format":"int32"},"username":{"type":"string"},"password":{"type":"string"},"email":{"type":"string"},"saldo":{"type":"number","format":"double"},"ruolo":{"type":"string","enum":["ADMIN","PREMIUM","BASE"]},"carta_di_credito":{"type":"string"}}},"ChargeRequest":{"type":"object","properties":{"id":{"type":"integer","format":"int64"},"Giorno":{"type":"string","format":"date"},"getdurata":{"type":"string","format":"date-time"},"user":{"$ref":"#/components/schemas/User"},"ricarica":{"type":"boolean"},"getpercentuale_iniziale":{"type":"integer","format":"int32"},"percentuale_richiesta":{"type":"integer","format":"int32"},"ora":{"type":"string","format":"date-time"},"giorno":{"type":"string","format":"date"},"pagare":{"type":"number","format":"double"},"oraFine":{"type":"string","format":"date-time"},"targa":{"type":"string"}}},"Payment":{"type":"object","properties":{"id":{"type":"integer","format":"int64"},"chargeRequest":{"$ref":"#/components/schemas/ChargeRequest"},"user":{"$ref":"#/components/schemas/User"},"totalAmount":{"type":"number","format":"double"},"paid":{"type":"boolean"}}},"Reservation":{"type":"object","properties":{"id":{"type":"integer","format":"int64"},"user":{"$ref":"#/components/schemas/User"},"chargeRequest":{"$ref":"#/components/schemas/ChargeRequest"},"payment":{"$ref":"#/components/schemas/Payment"},"ricarica":{"type":"boolean"},"targa":{"type":"string"},"ritardo":{"type":"boolean"}}},"DelayedReservation":{"type":"object","properties":{"id":{"type":"integer","format":"int64"},"username":{"type":"string"},"giorno":{"type":"string","format":"date"},"ricarica":{"type":"boolean"},"dataSpostamento":{"type":"string","format":"date-time"},"targa":{"type":"string"}}}}}}